{
  "name": "pwa",
  "title": "Progressive Web App",
  "description": "Install Foundry VTT as a Progressive Web App with its own shortcut and window",
  "author": "Arcanist",
  "authors": [
    {
      "name": "Arcanist",
      "url": "https://arcanistzed.github.io/",
      "email": "arcanistzed@gmail.com",
      "discord": "arcanist#4317",
      "reddit": "u/arcanistzed"
    }
  ],
  "url": "https://github.com/dhorkin/pwa",
  "license": "https://github.com/arcanistzed/pwa/blob/main/LICENSE",
  "readme": "https://github.com/arcanistzed/pwa/blob/main/README.md",
  "bugs": "https://github.com/arcanistzed/pwa/issues/new/choose",
  "changelog": "https://github.com/arcanistzed/pwa/blob/main/CHANGELOG.md",
  "flags": {
    "allowBugReporter": true
  },
  "version": "1.0.0",
  "minimumCoreVersion": "0.7.9",
  "compatibleCoreVersion": "9",
  "esmodules": [
    "scripts/module.js"
  ],
  "manifest": "https://raw.githubusercontent.com/dhorkin/pwa/main/module.json",
  "download": "https://raw.githubusercontent.com/dhorkin/pwa/main/module.zip",
  "manifestPlusVersion": "1.2.0",
  "media": [
    {
      "type": "cover",
      "url": "https://i.imgur.com/YWyc0x4.png",
      "caption": "Progressive Web App!"
    },
    {
      "type": "screenshot",
      "url": "https://i.imgur.com/pvBRGmd.png",
      "caption": "The shortcut and window of the PWA in action"
    }
  ]
}